0,слон википедия
1,консерватория
2,леди макбет
3,сумерки википедия
4,браунинг
5,токио википедия
6,оон википедия
7,радио википедия
8,павел буре википедия
9,рак википедия
10,фэд
11,куропатка википедия
12,рыбы википедия
13,богданов
14,сурок википедия
15,мидия википедия
16,казанова википедия
17,вко
18,белка википедия
19,орхидея википедия
20,голос дети википедия
21,любовь
22,матч арена телеканал программа
23,малайзия википедия
24,пушкин википедия
25,газ вики
26,бенди википедия
27,монако википедия
28,пенелопа википедия
29,козимо медичи википедия
30,шиповник википедия
31,вендетта википедия
32,обмани меня википедия
33,кхмеры википедия
34,сталин википедия
35,гренландия википедия
36,гонконг википедия
37,бон джови википедия
38,бразилия википедия
39,тетрадь смерти википедия
40,торрент википедия
41,горы башкирии википедия
42,таманская дивизия википедия
43,гитлер
44,милославский
45,старков
46,медведи википедия
47,любэ википедия
48,шираз википедия
49,индюк википедия
50,школа
51,богомолов
52,цой википедия
53,пауки википедия
54,юар википедия
55,роллинг стоунз википедия
56,ляпис трубецкой википедия
57,каменка
58,григорьев
59,гольштейн
60,волк википедия
61,оперный театр
62,камаз википедия
63,венесуэла википедия
64,фаберже википедия
65,северный полюс википедия
66,курс доллара википедия
67,упырь википедия
68,тюлень википедия
69,шекспир википедия
70,умершие в 2016 году википедия
71,пятая волна википедия
72,юрий гагарин википедия
73,романов
74,дом офицеров
75,хазары википедия
76,элвин и бурундуки википедия
77,кремль википедия
78,клопы википедия
79,улица 1905 года
80,пила википедия
81,ессентуки википедия
82,баязет википедия
83,wikipedia
84,медведь википедия
85,умершие в 2016
86,трансформеры википедия
87,зомби википедия
88,мастиф википедия
89,томск википедия
90,эвита википедия
91,восток википедия
92,htc википедия
93,нло википедия
94,кауфман
95,коста рика википедия
96,краеведческий музей
97,менталист википедия
98,ящерица википедия
99,земфира википедия
100,гегель википедия
101,церковь христа
102,нестор википедия
103,сумерки актёры и роли википедия
104,премия оскар википедия
105,сербия википедия
106,маврикий википедия
107,автобус
108,дюна википедия
109,казанский собор
110,чай википедия
111,икарус википедия
112,русь википедия
113,защитник 2015 википедия
114,великобритания википедия
115,панкратов
116,арбитражный суд
117,армата вики
118,князь игорь википедия
119,борджиа википедия
120,индия википедия
121,птолемей википедия
122,ктулху википедия
123,фидель кастро википедия
124,боинг 747 википедия
125,трояновский
126,бандитский петербург фильм википедия
127,сумерки фильм википедия
128,галилей википедия
129,тунис википедия
130,клубника википедия
131,9 рота википедия
132,католический храм
133,кёсем википедия
134,батори википедия
135,челюскинцев
136,список серий наруто википедия
137,эсперанто википедия
138,кролик википедия
139,казаков
140,хичкок википедия
141,циммерман
142,корнеев
143,другой мир википедия
144,южная осетия википедия
145,тучков
146,стадион динамо
147,ростов на дону википедия
148,хатанга википедия
149,википедия титаник
150,б
151,питер пэн википедия
152,ящерицы википедия
153,англия википедия
154,имена википедия
155,нхл википедия
156,чужой википедия
157,вантовый мост
158,авиакатастрофы википедия
159,хорек википедия
160,кальмар википедия
161,егор летов википедия
162,киров википедия
163,бабочка википедия
164,железный человек википедия
165,иудея википедия
166,список космических запусков россии в 2016 году
167,австрия википедия
168,эрмитаж википедия
169,форум википедия
170,список серий наруто
171,орт википедия
172,центральный район
173,морской чёрт википедия
174,индиго википедия
175,готы википедия
176,т 50 википедия
177,климент
178,рэмбо википедия
179,титаник википедия
180,земля википедия
181,smart
182,павленко
183,тапир википедия
184,норвегия википедия
185,оттепель википедия
186,жаворонок википедия
187,строганов
188,заяц википедия
189,зорин
190,боб марли википедия
191,золушка википедия
192,федоровка
193,тритон википедия
194,омен википедия
195,уганда википедия
196,егоров
197,спасо преображенский собор
198,троицкий собор
199,юрьев
200,пешков
201,планшет википедия
202,пелым
203,алексей романов википедия
204,переводчик википедия
205,мартынов
206,какаду википедия
207,курдистан википедия
208,франкенштейн
209,урарту википедия
210,царицыно википедия
211,иван царевич и серый волк википедия
212,холокост википедия
213,челси википедия
214,тэц 3
215,т 72 википедия
216,иван калита википедия
217,мет википедия
218,политех
219,метрополитен википедия
220,боливар википедия
221,википедия кино
222,лютеранская церковь
223,мардер
224,тюльпан википедия
225,вши википедия
226,элвис пресли википедия
227,сан хосе
228,аврора википедия
229,анб википедия
230,крестный отец википедия
231,днр википедия
232,туркмены википедия
233,оно фильм википедия
234,бэтмен
235,хурма википедия
236,терминатор википедия
237,torrent википедия
238,анжелика википедия
239,аляска википедия
240,хамад бин халифа аль тани
241,ленин
242,фильм бандитский петербург википедия
243,химера википедия
244,зимородок википедия
245,красное дерево википедия
246,н
247,победа
248,энтропия википедия
249,мажор википедия
250,стерлинг
251,кредит википедия
252,бронштейн
253,абба википедия
254,педагогический институт
255,лосось википедия
256,республика коми википедия
257,ярослав мудрый википедия
258,фараон
259,малина википедия
260,барби мультфильмы википедия
261,зловещие мертвецы википедия
262,катынь википедия
263,роксет википедия
264,wiki
265,трамп тауэр
266,магадан википедия
267,остаться в живых википедия
268,тараканы википедия
269,паскаль википедия
270,tom clancy s википедия
271,сосновка
272,гадюка википедия
273,туркестан википедия
274,нидерланды википедия
275,космос википедия
276,тайвань википедия
277,брдм 2 википедия
278,александр луговой википедия
279,райская птица википедия
280,путин википедия
281,штейн
282,бисмарк википедия
283,акулы википедия
284,дредноут википедия
285,флеш википедия
286,андреев
287,фантомас википедия
288,сахар википедия
289,акула википедия
290,пандора википедия
291,британик википедия
292,че по водному поло 2016 мужчины википедия
293,тихий дон вики
294,воин 2015 википедия
295,мудьюг википедия
296,мухомор википедия
297,сколково википедия
298,s
299,локомотивы чс википедия
300,гендель википедия
301,албания википедия
302,марий эл википедия
303,вулкан википедия
304,мафия википедия
305,щелкунчик википедия
306,виолетта википедия
307,игуасу википедия
308,храмы
309,энигма википедия
310,эверест википедия
311,лотос википедия
312,орел википедия
313,кошки википедия
314,люксембург википедия
315,христианство википедия
316,куйбышев википедия
317,секретные материалы википедия
318,помпей википедия
319,форсаж википедия
320,сойка пересмешница википедия
321,крым
322,эбола википедия
323,викинги википедия
324,грибы википедия
325,никита википедия
326,российская федерация википедия
327,вики
328,кенгуру википедия
329,воронеж википедия
330,анохин
331,эвм википедия
332,старостин
333,подосиновик википедия
334,вязание википедия
335,венгрия википедия
336,слоны википедия
337,пингвины википедия
338,вьетнам википедия
339,зимбабве википедия
340,столица буркина фасо википедия
341,тейлор
342,шерлок википедия
343,динамо
344,аврора
345,иван поддубный википедия
346,мама википедия
347,сша википедия
348,португалия википедия
349,р
350,рокки википедия
351,помпея википедия
352,косово википедия
353,камбала википедия
354,котовский википедия
355,посейдон википедия
356,сверхъестественное википедия
357,май литл пони википедия
358,савицкий
359,институт
360,сомали википедия
361,черепахи википедия
362,занзибар википедия
363,человек википедия
364,пантера википедия
365,тихонов
366,знаменская церковь
367,нептун википедия
368,бейрут википедия
369,магницкий википедия
370,неприкасаемые википедия
371,warcraft википедия
372,сериал спартак википедия
373,война
374,париж википедия
375,титаник судно википедия
376,новые каналы матч тв
377,поддубный википедия
378,совы википедия
379,армянская церковь
380,покемон википедия
381,фигурное катание википедия
382,лесби википедия
383,лыжный спорт википедия
384,вологда википедия
385,монголы википедия
386,молдавия википедия
387,амиши википедия
388,бе
389,гиббон википедия
390,марвел википедия
391,италия википедия
392,дэвид боуи википедия
393,преступник википедия
394,древо жизни википедия
395,ротшильд
396,музеи
397,мечети
398,саламандра википедия
399,танк т 34 википедия
400,башни близнецы википедия
401,дюма
402,покровский
403,боливия википедия
404,панда википедия
405,крупп википедия
406,франкенштейн википедия
407,ильин
408,самойлов актер википедия
409,граф орлов википедия
410,голубое озеро
411,магнум
412,ил 18 википедия
413,гарпия википедия
414,мустафа
415,площадь революции
416,индуизм википедия
417,индонезия википедия
418,нана википедия
419,населения
420,камчатка википедия
421,страна израиль википедия
422,крестоносцы википедия
423,миронов
424,спартак сериал википедия
425,мтс википедия
426,котинга википедия
427,версаче википедия
428,чемпионат европы по водному поло
429,черногория википедия
430,страна оз википедия
431,нагорный карабах википедия
432,косово
433,захарова википедия
434,кинофильм википедия
435,гороскоп википедия
436,дятел википедия
437,лунь википедия
438,вебер википедия
439,мамочки википедия
440,мечеть
441,спецназ википедия
442,мендельсон википедия
443,багдасаровы википедия
444,орел и решка википедия
445,юнкерс
446,туркмения википедия
447,википедия шахматы
448,щорс википедия
449,босния и герцеговина википедия
450,https ru wikipedia org
451,россия википедия
452,филармония
453,пеликан википедия
454,чечня википедия
455,регби википедия
456,свиньи википедия
457,апачи википедия
458,андроид википедия
459,кыргызстан википедия
460,росянка википедия
461,наруто серии википедия
462,акра
463,флэш википедия
464,нирвана википедия
465,большая панда википедия
466,меркурий википедия
467,буддизм википедия
468,квн 2016 википедия
469,сан марино википедия
470,кометы википедия
471,серов википедия
472,история
473,куракин
474,панков
475,ручка
476,голицын
477,иран вики
478,цыгане википедия
479,щит википедия
480,фсб
481,ревда википедия
482,вода википедия
483,аэродромы сирии
484,хрущев википедия
485,ufc википедия
486,учебные заведения
487,сервер википедия
488,коалы википедия
489,басманов
490,кндр
491,кот википедия
492,метро
493,смешарики википедия
494,порода дог википедия
495,война и мир википедия
496,лего википедия
497,ротшильды википедия
498,луаз википедия
499,марадона википедия
500,гунны википедия
501,дисней википедия
502,molly википедия
503,фон бюлов википедия
504,хэллоуин википедия
505,кантор
506,варан википедия
507,ru wikipedia org
508,биржа википедия
509,снегирев
510,нормандия википедия
511,звездные войны википедия
512,собор александра невского
513,шамбала википедия
514,оман википедия
515,граффити википедия
516,коты википедия
517,безумный макс фильм википедия
518,disney википедия
519,дятлов википедия
520,великолепный век википедия
521,сс
522,кижи википедия
523,гранат википедия
524,русские википедия
525,украина википедия
526,куликов
527,суицид википедия
528,достоевский википедия
529,википедия гагарин
530,шотландия википедия
531,гавайи википедия
532,тейлор свифт википедия
533,дикобраз википедия
534,железная дорога
535,кафедральный собор
536,википедия гоголя
537,калинин
538,интервенция википедия
539,мельников
540,умет
541,московский кремль википедия
542,ужастики 2015 википедия
543,буркина фасо википедия
544,опоссум википедия
545,щукин
546,сталлоне википедия
547,алиев
548,аральское море википедия
549,краз википедия
550,самойлов
551,надым википедия
552,оружие википедия
553,аэропорт
554,лемур википедия
555,краснов
556,курды википедия
557,милютин
558,графен википедия
559,муравьед википедия
560,лис
561,саркофаг википедия
562,швейцария википедия
563,филарет
564,пасе википедия
565,сталин
566,лед зеппелин википедия
567,турбо википедия
568,ирак википедия
569,судак википедия
570,рига википедия
571,гагаузы википедия
572,геббельс википедия
573,матч арена
574,чиуауа
575,барби википедия
576,ренегат википедия
577,краз
578,гарри поттер
579,кино википедия
580,церковь
581,вероника википедия
582,долгопят википедия
583,буратино википедия
584,большаков
585,попугай википедия
586,крокодилы википедия
587,ленинский район
588,ларионов
589,рыба молот википедия
590,площадь ленина
591,су википедия
592,страны мира википедия
593,фиалка википедия
594,дом 2 википедия
595,китай википедия
596,шмель википедия
597,одесса википедия
598,братья джонас википедия
599,наруто википедия список серий
600,аввакум википедия
601,грузия википедия
602,никарагуа википедия
603,гаити википедия
604,норфолк википедия
605,будда википедия
606,марийцы википедия
607,рим википедия
608,сербия
609,белые тигры википедия
610,шпицберген википедия
611,маннергейм википедия
612,википедия на русском
613,павловский
614,кадьяк википедия
615,предтечи википедия
616,побег сериал 2005 википедия
617,сверчок википедия
618,стадион
619,моби дик википедия
620,катар википедия
621,сербы википедия
622,o
623,долгоруков
624,ленивцы википедия
625,еж википедия
626,чаушеску википедия
627,алания википедия
628,орлов
629,сумерки
630,википедия осетровые
631,марсианин википедия
632,киты википедия
633,набоков википедия
634,санта крус
635,тор википедия
636,выборы в германии
637,крокодил
638,гугл википедия
639,гватемала википедия
640,дельфин википедия
641,бункер википедия
642,храм
643,адриано футболист
644,уран википедия
645,рот фронт википедия
646,лазеры википедия
647,кобра википедия
648,ораниенбаум википедия
649,георг
650,драгунский википедия
651,мвд
652,березин
653,сингапур википедия
654,аль тани
655,сирия википедия
656,выживший фильм википедия
657,семья запашных википедия
658,котёнок по имени гав википедия
659,штат техас википедия
660,акведук википедия
661,лебяжье
662,березовка
663,бенджамин франклин википедия
664,колесников
665,антарктика википедия
666,алексий
667,северная корея википедия
668,забайкальский край википедия
669,ангел
670,город киров википедия
671,уругвай википедия
672,мехмет султан википедия
673,леопард википедия
674,нибелунги википедия
675,клименко
676,лима футболист
677,болейн википедия
678,осьминог википедия
679,астерикс и обеликс мультфильм википедия
680,yamaha википедия
681,wikipedia org на русском
682,памятники архитектуры
683,козлы википедия
684,виноградов
685,гиппопотам википедия
686,банши википедия
687,кочубей википедия
688,куйбышев
689,1992 сериал википедия
690,памятники
691,ковтун
692,ленин википедия
693,йошкар ола википедия
694,макинтош википедия
695,водное поло чемпионат европы 2016 женщины википедия
696,ренуар википедия
697,мстители википедия
698,википедия
699,крупп
700,уолт дисней википедия
701,череповец википедия
702,формула 1 википедия
703,бехтеревы википедия
704,болгария википедия
705,че по водному поло 2016 википедия
706,канада википедия
707,википедия о подосиновике
708,таиланд википедия
709,крым википедия
710,кости википедия
711,жаботинский википедия
712,атлантида википедия
713,метро википедия
714,население
715,президент египта
716,валаам википедия
717,пингвин википедия
718,сицилия википедия
719,золотой мяч
720,бьянка википедия
721,чехословакия википедия
722,чайка
723,татарстан википедия
724,кирха
725,капуцины википедия
726,курочкин
727,война на донбассе википедия
728,тюз
729,баранов
730,сидельников
731,гибралтар википедия
732,касперский википедия
733,вольт википедия
734,волны в океане википедия
735,гриф википедия
736,елагин
737,буряты википедия
738,сокол
739,орган википедия
740,монеты россии википедия
741,нефть википедия
742,хоккей википедия
743,черепаха википедия
744,парк юрского периода википедия
745,александр википедия
746,кипр википедия
747,олени википедия
748,герцен википедия
749,струве
750,ленивец википедия
751,юридический институт
752,никифоров
753,кхл википедия
754,брюс
755,айфон википедия
756,ссср википедия
757,дизайн википедия
758,bosch википедия
759,поселок мирный
760,пояс кеплера википедия
761,амдерма википедия
762,бобёр википедия
763,ла пас википедия
764,скарлетт википедия
765,урал википедия
766,друзья википедия
767,слепыш википедия
768,палестина википедия
769,абакан википедия
770,бабушкин
771,мангуст википедия
772,столица вьетнама википедия
773,ип ман википедия
774,фукусима википедия
775,салат википедия
776,рокфеллеры википедия
777,комптон
778,курс рубля википедия
779,варан
780,великобритании википедия
781,военное инженерное училище
782,аватар википедия
783,сен пьер
784,макаревич википедия
785,викимедиа
786,елисеев
787,франция
788,попугаи википедия
789,чехия википедия
790,игра сталкер википедия
791,кулибали
792,шпион википедия
793,прудников
794,аккумулятор википедия
795,однажды в сказке википедия
796,ми 8 википедия
797,мавроди википедия
798,мовсесян
799,https ru wikipedia org wiki переводчик телесериал
800,ивановский район
801,песочница википедия
802,бобр википедия
803,ротшильд википедия
804,румыния википедия
805,ласточка википедия
806,клеопатра википедия
807,православие википедия
808,бэтмен википедия
809,пришельцы википедия
810,страна оз
811,хлоя википедия
812,рудаков
813,общественный транспорт
814,словения википедия
815,принцесса википедия
816,исландия википедия
817,ёлки википедия
818,ботанический сад
819,линник
820,школа википедия
821,крым вики
822,казачество википедия
823,кожевников
824,афганистан википедия
825,лемуры википедия
826,гта сан андреас википедия
827,обама википедия
828,фильм сумерки википедия
829,фильм википедия
830,волкодав википедия
831,фрг википедия
832,робокоп википедия
833,розенберг википедия
834,родина википедия
835,золотой мяч википедия
836,армия россии википедия
837,список серий наруто ураганные хроники
838,потапов
839,кафка википедия
840,роллс ройс википедия
841,вдв
842,лавров актёр википедия
843,вс рф википедия
844,wasp википедия
845,нави википедия
846,соболев
847,клёст википедия
848,пименов
849,долгополов
850,румянцев википедия
851,гепатиты википедия
852,барбаросса википедия
853,тольятти википедия
854,ель википедия
855,кот в сапогах википедия
856,по
857,оскар википедия
858,шалфей википедия
859,марьино
860,македонский википедия
861,википедия энциклопедия словарь
862,майоров
863,храм успения пресвятой богородицы
864,франция википедия
865,город
866,рубинштейн
867,монголия википедия
868,рне википедия
869,рокки все части википедия
870,буран википедия
871,казахстан википедия
872,морозова
873,сайлент хилл википедия
874,казак википедия
875,александровка
876,хорватия википедия
877,черчилль википедия
878,дирихле википедия
879,республика татарстан википедия
880,и попов
881,г
882,наполеон бонапарт википедия
883,гельфанд
884,мещера википедия
885,метрополитен
886,род википедия
887,кисловодск википедия
888,антарктида википедия
889,декабристы википедия
890,эвенкия википедия
891,ios википедия
892,il divo википедия
893,грозный википедия
894,википедия дима
895,зайцев википедия
896,ренессанс википедия
897,автомобиль москвич википедия
898,ефремов
899,пионерия википедия
900,бабочки википедия
901,ес википедия
902,каббала википедия
903,лес википедия
904,ворона википедия
905,нива википедия
906,саратога википедия
907,музей
908,marvel википедия
909,новая земля википедия
910,голод википедия
911,википедия энциклопедия
912,джой википедия
913,муссолини википедия
914,уральские пельмени википедия
915,первомайское
916,калисто
917,эстония википедия
918,хвощи википедия
919,морро
920,ермак википедия
921,люди гиганты википедия
922,ангола википедия
923,гофман википедия
924,лолита википедия
925,тролль википедия
926,церковь александра невского
927,административная карта россии википедия
928,галич википедия
929,крокодил википедия
930,золотая малина википедия
931,имбирь википедия
932,матрица википедия
933,росси
934,время википедия
935,ньюкасл википедия
936,гарри поттер википедия
937,халк википедия
938,ехидна википедия
939,якутия википедия
940,хищник википедия
941,зодиак википедия
942,плимут
943,лихоборы
944,айкидо википедия
945,донецк википедия
946,квн википедия
947,оксид хрома википедия
948,тэц
949,татары википедия
950,белов
951,удмуртия википедия
952,сабрина википедия
953,целина википедия
954,фильм выживший википедия
955,левин
956,речной вокзал
957,церкви
958,выживший википедия
959,хусейн
960,коэн
961,кораллы википедия
962,король лев википедия
963,воробей википедия
964,левшин
965,тэц 5
966,дельфины википедия
967,элиста википедия
968,опята википедия
969,запашные братья википедия
970,лиса википедия
971,успенский собор
972,майл википедия
973,майский
974,емельянов
975,наруто список серий
976,цикада википедия
977,горы карелии википедия
978,иван грозный википедия
979,осётр википедия
980,ледниковый период 4 википедия
981,хор википедия
982,самбо википедия
983,бандера википедия
984,аякс википедия
985,пираньи википедия
986,обитель зла википедия
987,бук
988,хорваты википедия
989,президент германии википедия
990,комаров
991,марио википедия
992,бмд википедия
993,кндр википедия
994,театр кукол
995,википедия волга
996,станции метро
997,гетто википедия
998,пгу
999,западная лица
1000,мушкетеры википедия
1001,хищники википедия
1002,звездные войны
1003,цунами википедия
1004,старкрафт 2 эпизод 2 википедия
1005,мрск
1006,планетарий
1007,шерлок холмс википедия
1008,судебное дело это википедия
1009,орлан
1010,кукушка википедия
1011,т 64
1012,израиль
1013,драфт нхл
1014,америка википедия
1015,торнадо википед
1016,пакистан википедия
1017,гостиный двор
1018,сага сумерки википедия
1019,иудеи википедия
1020,бегемот википедия
1021,рокфеллер википедия
1022,чемпионат англии по футболу
1023,ротенберг википедия
1024,лазурный
1025,эрлих
1026,кладбище
1027,троллейбус
1028,футбол википедия
1029,мормоны википедия
1030,макгрегор википедия
1031,клинт иствуд википедия
1032,заяц
1033,персия википедия
1034,морской лев википедия
1035,торнадо википедия
1036,амазонки википедия
1037,беларусь википедия
1038,рок н ролл википедия
1039,гоголь википедия
1040,гандбол че 2016 мужчины википедия
1041,монтерей
1042,персонажи дс
1043,ельцин википедия
1044,дизель поезд
1045,1 с википедия
1046,щука википедия
1047,немезида википедия
1048,человек паук википедия
1049,элвин и бурундуки вики
1050,чайка птица википедия
1051,стартрек википедия
1052,щербаков актер википедия
1053,гинденбург википедия
1054,300 спартанцев википедия
1055,мадейра википедия
1056,матч наш спорт
1057,википедия эмир катара тамин аль тани
1058,пианино википедия
1059,кунг фу панда 3 википедия
1060,экономика википедия
1061,т 64 википедия
1062,орёл птица википедия
1063,джорджтаун
1064,список чемпионов wwe
1065,брюс ли википедия
1066,ниндзя википедия
1067,саксония википедия
1068,надеждин военный википедия
1069,жираф википедия
1070,спрут википедия
1071,литвиненко википедия
1072,пастухов
1073,фландрия википедия
1074,список серии наруто
1075,молдавия
1076,алладин википедия
1077,цска википедия
1078,рэп википедия
1079,афины википедия
1080,хитман игра википедия
1081,полёты на луну википедия
1082,таракан википедия
1083,армения википедия
1084,телеканал наш спорт
1085,подруга википедия
1086,маурисио википедия
1087,кролики википедия
1088,газ википедия
1089,т 34 википедия
1090,богомол википедия
1091,лазер википедия
1092,византия википедия
1093,хоббит википедия
1094,люди икс википедия
1095,ссср
1096,раптор википедия
1097,кочубей
1098,ирландия википедия
1099,матрица игры википедия
1100,климат
1101,газель википедия
1102,водоросли википедия
1103,бали википедия
1104,сухарев
1105,йемен википедия
1106,парк юрского периода 2 википедия
1107,наруто ураганные хроники список серий
1108,лиаз
1109,фараон википедия
1110,кот дивуар википедия
1111,константин википедия
1112,министр мвд
1113,герасимов
1114,соль википедия
1115,чили википедия
1116,бмп википедия
1117,суслик википедия
1118,сова википедия
1119,шрек википедия
1120,молчанов
1121,радиозавод
1122,стив джобс википедия
1123,океания википедия
1124,воркута википедия
1125,заповедники и национальные парки россии википедия
1126,петергоф википедия
1127,игнатьев
1128,озеро белое
1129,казань википедия
1130,винтаж википедия
1131,кировский район
1132,белое озеро
1133,доктор кто википедия
1134,даки википедия
1135,финляндия википедия
1136,рокки вики
1137,александр гордон википедия
1138,иллюминаты википедия
1139,википедия свободная энциклопедия
1140,дневники вампира википедия
1141,матч арена телеканал
1142,аэс
1143,искупление википедия
1144,монастырь
1145,израиль википедия
1146,древняя русь википедия
1147,рейнджеры википедия
1148,британия википедия
1149,кулешов
1150,эртугрул википедия
1151,атеизм википедия
1152,гитлер википедия
1153,гуантанамо википедия
1154,геринг википедия
1155,художники
1156,наруто ураганные хроники википедия
1157,стамбул википедия
1158,цапля википедия
1159,владимир мономах википедия
1160,запашный
1161,бергер
1162,первомайский район
1163,кастилия википедия
1164,метеорит фильм википедия
1165,аверьянов
1166,ходячие мертвецы википедия
1167,азербайджанцы википедия
1168,лихтенштейн википедия
1169,треска википедия
1170,австралия википедия
1171,фрунзенский район
1172,конго википедия
1173,гарем википедия
1174,аммониты википедия
1175,литва википедия
1176,jonathan футболист
1177,бандитский петербург вики
1178,фонтенбло википедия
1179,подводная лодка
1180,покемоны википедия
1181,сканер википедия
1182,вавилон википедия
1183,познер вик
1184,дивергент википедия
1185,диана википедия
1186,хроники нарнии википедия
1187,сплетница википедия
1188,танцы википедия
1189,голубь википедия
1190,tom clancy s
1191,академия мвд
1192,кёсем султан википедия
1193,готфрид
1194,дзержинский район
1195,морские котики википедия
1196,марокко википедия
1197,пол маккартни википедия
1198,вознесенский собор
1199,марченко
1200,спартанцы википедия
1201,варбурги википедия
1202,ноль википедия
1203,михаил круг википедия
1204,толстой википедия
1205,врангель википедия
1206,динозавры википедия
1207,зил
1208,стрекозы википедия
1209,египтус википедия
1210,задорнов википедия
1211,улицы
1212,км по биатлону википедия
1213,красногвардейский район
1214,назаров
1215,карелия википедия
1216,чемберлен википедия
1217,тигр википедия
1218,братья запашные википедия
1219,максим википедия
1220,кит википедия
1221,матч игра телеканал программа
1222,два голоса википедия
1223,безруков википедия
1224,игнатов
1225,ульяновы википедия
1226,носорог википедия
1227,субару википедия
1228,кличко википедия
1229,чувашия википедия
1230,волгодонск википедия
1231,транспорт
1232,викицитатник
1233,перевозчик википедия
1234,голландия википедия
1235,запашные биография википедия
1236,титов
1237,тесла википедия
1238,оригами википедия
1239,рошаль википедия
1240,спанч боб википедия
1241,glee википедия
1242,береза википедия
1243,калининский район
1244,азбука википедия
1245,игра престолов википедия
1246,карелы википедия
1247,декстер википедия
1248,уфа википедия
1249,болгары википедия
1250,лебедев
1251,боуи
1252,ария википедия
1253,тикси википедия
1254,гиннесс википедия
1255,артем википедия
1256,мода википедия
1257,песков википедия
1258,улан удэ википедия
1259,баталов актер википедия
1260,крупский
1261,самара википедия
1262,фотоаппарат википедия
1263,википедии
1264,роза википедия
1265,бирма википедия
1266,орджоникидзевский район
1267,фильм хищник википедия
1268,мчс
1269,рысь википедия
1270,золотая малина
1271,кромвель википедия
1272,спартак википедия
1273,каддафи википедия
1274,обвал рубля википедия
1275,земля википедия планета
1276,крохаль википедия
1277,большой взрыв википедия
1278,заратустра википедия
1279,мухаммед али википедия
1280,династия запашных википедия
1281,русский язык википедия
1282,боровое
1283,скорпион википедия
1284,джесси джеймс википедия
1285,киев википедия
1286,мьянма википедия
1287,павловск википедия
1288,кеннеди википедия
1289,уаз википедия
1290,левиафан википедия
1291,бандитский петербург сюжет википедия
1292,от заката до рассвета википедия
1293,ревизор википедия
1294,лягушки википедия
1295,камерный театр
1296,алтай википедия
1297,перикл википедия
1298,росомаха википедия
1299,бердников
1300,республика крым википедия
1301,яковлев
1302,харрис
1303,ткачёв
1304,бандитский петербург википедия
1305,ленинград город википедия
1306,соловки википедия
1307,википедия анастасия
1308,пётр 1 википедия
1309,елизавета википедия
1310,бессонов
1311,666 википедия
1312,стриж википедия
1313,мл
1314,македония википедия
1315,лысая гора
1316,firewall википедия
1317,оно 2015 википедия
1318,кабул википедия
1319,нквд википедия
1320,пруссия википедия
1321,хемингуэй википедия
1322,жук википедия
1323,коваленко
1324,гайдар
1325,сао википедия
1326,крид википедия
1327,шерлок холмс википедия сериал
1328,муха
1329,катран википедия
1330,мехмед
1331,ваз википедия
1332,наруто вики список серий
1333,сикорский википедия
1334,даф википедия
1335,астрал википедия
1336,преображенский собор
1337,гоа википедия
1338,элеватор
1339,коми википедия
1340,локомотив
1341,храм преображения господня
1342,запашные википедия
1343,компьютерные технологии википедия
1344,железнодорожный институт
1345,иж
1346,дмитриев
1347,кавказ википедия
1348,герои википедия
1349,иваново википедия
1350,хамелеон википедия
1351,драцена википедия
1352,марков
1353,тургенев википедия
1354,оскар 2016 википедия
1355,бог википедия
1356,спецназ россии википедия
1357,фантастика википедия
1358,биатлон википедия
1359,молния википедия
1360,иран википедия
1361,sacred википедия
1362,плутоний википедия
1363,мышь википедия
1364,барановский
1365,гримм википедия
1366,холодное сердце википедия
1367,понедельник википедия
1368,станция мир википедия
1369,глок
1370,вайнштейн
1371,депардье википедия
1372,аргентина википедия
1373,рыбалка википедия
1374,иркутск википедия
1375,кинематограф википедия
1376,епархия
1377,андорра википедия
1378,анадырь википедия
1379,скоростной трамвай
1380,муха википедия
1381,дом википедия
1382,армата википедия
1383,анаконда википедия
1384,гвинея википедия
1385,умершие в 2016 г
1386,алла пугачева википедия
1387,сообщения об источнике обуховский википедия
1388,пустыня википедия
1389,евреи википедия
1390,проспект мира
1391,ужастики википедия
1392,ливия википедия
1393,википедия россия
1394,питирим
1395,курган википедия
1396,корабль википедия
1397,красный яр
1398,утка википедия
1399,фашизм википедия
1400,история улицы карла маркса
1401,колонки википедия
1402,перепись населения
1403,светлячок википедия
1404,приднестровье википедия
1405,зверь википедия
1406,северная дакота википедия
1407,герб
1408,наруто список серий википедия
1409,маурисио википедия футболист
1410,тайга википедия
1411,триумфальные ворота
1412,орхидеи википедия
1413,о
1414,греция википедия
1415,трухильо
1416,армавир википедия
1417,капуста википедия
1418,олень википедия
1419,гдр википедия
1420,иордания википедия
1421,воробьи википедия
1422,ямадаев
1423,колумбия википедия
1424,огурец википедия
1425,вышивка википедия
1426,циклон даниэлла википедия
1427,снайпер википедия
1428,что где когда википедия
1429,урал
1430,фантазм википедия
1431,амати википедия
1432,пересмешник википедия
1433,вий википедия
1434,рапунцель википедия
1435,воздушный шар википедия
1436,кмз
1437,церковь николая чудотворца
1438,юта википедия
1439,чернобыль википедия
1440,высоцкий википедия
1441,корюшка википедия
1442,ту 154 википедия
1443,гаджиев
1444,законодательное собрание
1445,меч википедия
1446,угорь википедия
1447,тнт википедия
1448,голос википедия
1449,час пик википедия
1450,гонсалес
1451,мир википедия
1452,мохаммед али википедия
1453,гарсия
1454,донован
1455,порт артур википедия
